Workbook

Sheet Post invasion
A1: Consortium | B1: Species | C1: equation | D1: Bio1_T1 | E1: Bio1_T2 | F1: Bio1_T3 | G1: Bio2_T1 | H1: Bio2_T2 | I1: Bio2_T3 | J1: Bio3_T1 | K1: Bio3_T2 | L1: Bio3_T3 | M1: Avg_Bio1 | N1: Avg_Bio2 | O1: Avg_Bio3 | P1: Avg Post Invasion | Q1: Std Post Invasion | R1: Avg_Bio1 | S1: Avg_Bio2 | T1: Avg_Bio3 | U1: Avg Pre Invasion | V1: Std Pre Invasion
A2: 1 | B2: BOV | C2: =_xlfn.XLOOKUP(B2,A$50:A$58, B$50:B$58) -> Y = -2.401*X + 10.82 | D2: 10.2257 | E2: 10.3088 | F2: 10.2104 | G2: 10.2601 | H2: 10.3069 | I2: 10.2483 | J2: 10.2412 | K2: 10.2575 | L2: 10.1983 | M2: =AVERAGE(D2:F2) -> 10.2483 | N2: =AVERAGE(G2:I2) -> 10.271767 | O2: =AVERAGE(J2:L2) -> 10.232333 | P2: =AVERAGE(M2:O2) -> 10.2508 | Q2: =_xlfn.STDEV.P(M2:O2) -> 0.016195358 | R2: ='Pre invasion'!L2 -> 10.834467 | S2: ='Pre invasion'!M2 -> 10.910933 | T2: ='Pre invasion'!N2 -> 10.8285 | U2: =IFERROR(AVERAGE(R2:T2),"") -> 10.857967 | V2: =IFERROR(_xlfn.STDEV.P(R2:T2),"") -> 0.037532218
A3: 1 | B3: LB | C3: =_xlfn.XLOOKUP(B3,A$50:A$58, B$50:B$58) -> Y = -4.402*X + 24.11 | D3: 16.6352 | E3: 16.7498 | F3: 16.6181 | G3: 16.7725 | H3: 16.8947 | I3: 16.7108 | J3: 16.6783 | K3: 16.7255 | L3: 16.5766 | M3: =AVERAGE(D3:F3) -> 16.6677 | N3: =AVERAGE(G3:I3) -> 16.792667 | O3: =AVERAGE(J3:L3) -> 16.660133 | P3: =AVERAGE(M3:O3) -> 16.706833 | Q3: =_xlfn.STDEV.P(M3:O3) -> 0.060771893 | R3: ='Pre invasion'!L3 -> 20.630133 | S3: ='Pre invasion'!M3 -> 20.722333 | T3: ='Pre invasion'!N3 -> 20.605933 | U3: =IFERROR(AVERAGE(R3:T3),"") -> 20.6528 | V3: =IFERROR(_xlfn.STDEV.P(R3:T3),"") -> 0.050150263
A4: 1 | B4: LJ | C4: =_xlfn.XLOOKUP(B4,A$50:A$58, B$50:B$58) -> Y = -3.937*X + 16.98 | D4: 12.2721 | E4: 12.3235 | F4: 12.2558 | G4: 12.3015 | H4: 12.4833 | I4: 12.297 | J4: 12.2803 | K4: 12.2963 | L4: 12.2336 | M4: =AVERAGE(D4:F4) -> 12.2838 | N4: =AVERAGE(G4:I4) -> 12.3606 | O4: =AVERAGE(J4:L4) -> 12.270067 | P4: =AVERAGE(M4:O4) -> 12.304822 | Q4: =_xlfn.STDEV.P(M4:O4) -> 0.039837348 | R4: ='Pre invasion'!L4 -> 13.866833 | S4: ='Pre invasion'!M4 -> 13.925033 | T4: ='Pre invasion'!N4 -> 13.8554 | U4: =IFERROR(AVERAGE(R4:T4),"") -> 13.882422 | V4: =IFERROR(_xlfn.STDEV.P(R4:T4),"") -> 0.030490002
A5: 2 | B5: BOV | C5: =_xlfn.XLOOKUP(B5,A$50:A$58, B$50:B$58) -> Y = -2.401*X + 10.82 | D5: 10.2942 | E5: 10.3025 | F5: 10.2895 | G5: 10.3488 | H5: 10.3832 | I5: 10.3109 | J5: 10.2921 | K5: 10.3385 | L5: 10.2583 | M5: =AVERAGE(D5:F5) -> 10.2954 | N5: =AVERAGE(G5:I5) -> 10.347633 | O5: =AVERAGE(J5:L5) -> 10.2963 | P5: =AVERAGE(M5:O5) -> 10.313111 | Q5: =_xlfn.STDEV.P(M5:O5) -> 0.024413662 | R5: ='Pre invasion'!L5 -> 10.844967 | S5: ='Pre invasion'!M5 -> 10.918067 | T5: ='Pre invasion'!N5 -> 10.825533 | U5: =IFERROR(AVERAGE(R5:T5),"") -> 10.862856 | V5: =IFERROR(_xlfn.STDEV.P(R5:T5),"") -> 0.03983812
A6: 2 | B6: FP | C6: =_xlfn.XLOOKUP(B6,A$50:A$58, B$50:B$58) -> Y = -2.274*X + 22.44 | D6: 19.4888 | E6: 19.4896 | F6: 19.4787 | G6: 19.627 | H6: 19.8612 | I6: 19.5082 | J6: 19.5317 | K6: 19.5026 | L6: 19.4288 | M6: =AVERAGE(D6:F6) -> 19.4857 | N6: =AVERAGE(G6:I6) -> 19.665467 | O6: =AVERAGE(J6:L6) -> 19.4877 | P6: =AVERAGE(M6:O6) -> 19.546289 | Q6: =_xlfn.STDEV.P(M6:O6) -> 0.08427537 | R6: ='Pre invasion'!L6 -> 20.1455 | S6: ='Pre invasion'!M6 -> 20.288467 | T6: ='Pre invasion'!N6 -> 20.102167 | U6: =IFERROR(AVERAGE(R6:T6),"") -> 20.178711 | V6: =IFERROR(_xlfn.STDEV.P(R6:T6),"") -> 0.079599648
A7: 2 | B7: LJ | C7: =_xlfn.XLOOKUP(B7,A$50:A$58, B$50:B$58) -> Y = -3.937*X + 16.98 | D7: 11.4757 | E7: 11.5367 | F7: 11.4678 | G7: 11.4971 | H7: 11.676 | I7: 11.4744 | J7: 11.4979 | K7: 11.4961 | L7: 11.4181 | M7: =AVERAGE(D7:F7) -> 11.4934 | N7: =AVERAGE(G7:I7) -> 11.549167 | O7: =AVERAGE(J7:L7) -> 11.4707 | P7: =AVERAGE(M7:O7) -> 11.504422 | Q7: =_xlfn.STDEV.P(M7:O7) -> 0.032968384 | R7: ='Pre invasion'!L7 -> 13.378733 | S7: ='Pre invasion'!M7 -> 13.3977 | T7: ='Pre invasion'!N7 -> 13.3762 | U7: =IFERROR(AVERAGE(R7:T7),"") -> 13.384211 | V7: =IFERROR(_xlfn.STDEV.P(R7:T7),"") -> 0.0095939925
A8: 3 | B8: BOV | C8: =_xlfn.XLOOKUP(B8,A$50:A$58, B$50:B$58) -> Y = -2.401*X + 10.82 | D8: 10.175 | E8: 10.2027 | F8: 10.1638 | G8: 10.2008 | H8: 10.2219 | I8: 10.1894 | J8: 10.1885 | K8: 10.1708 | L8: 10.1557 | M8: =AVERAGE(D8:F8) -> 10.1805 | N8: =AVERAGE(G8:I8) -> 10.204033 | O8: =AVERAGE(J8:L8) -> 10.171667 | P8: =AVERAGE(M8:O8) -> 10.1854 | Q8: =_xlfn.STDEV.P(M8:O8) -> 0.013660351 | R8: ='Pre invasion'!L8 -> 10.8537 | S8: ='Pre invasion'!M8 -> 10.879033 | T8: ='Pre invasion'!N8 -> 10.8332 | U8: =IFERROR(AVERAGE(R8:T8),"") -> 10.855311 | V8: =IFERROR(_xlfn.STDEV.P(R8:T8),"") -> 0.018746028
A9: 3 | B9: BA | C9: =_xlfn.XLOOKUP(B9,A$50:A$58, B$50:B$58) -> Y = -2.665*X + 14.77 | D9: 9.9712 | E9: 9.9978 | F9: 9.9695 | G9: 10.0524 | H9: 10.0545 | I9: 10.0191 | J9: 9.9971 | K9: 10.045 | L9: 9.9472 | M9: =AVERAGE(D9:F9) -> 9.9795 | N9: =AVERAGE(G9:I9) -> 10.042 | O9: =AVERAGE(J9:L9) -> 9.9964333 | P9: =AVERAGE(M9:O9) -> 10.005978 | Q9: =_xlfn.STDEV.P(M9:O9) -> 0.026392989 | R9: ='Pre invasion'!L9 -> 11.042833 | S9: ='Pre invasion'!M9 -> 11.0573 | T9: ='Pre invasion'!N9 -> 11.050267 | U9: =IFERROR(AVERAGE(R9:T9),"") -> 11.050133 | V9: =IFERROR(_xlfn.STDEV.P(R9:T9),"") -> 0.0059067444
A10: 3 | B10: LJ | C10: =_xlfn.XLOOKUP(B10,A$50:A$58, B$50:B$58) -> Y = -3.937*X + 16.98 | D10: 13.0103 | E10: 13.03 | F10: 12.9922 | G10: 13.0843 | H10: 13.1081 | I10: 13.0175 | J10: 13.0474 | K10: 13.0086 | L10: 12.977 | M10: =AVERAGE(D10:F10) -> 13.010833 | N10: =AVERAGE(G10:I10) -> 13.069967 | O10: =AVERAGE(J10:L10) -> 13.011 | P10: =AVERAGE(M10:O10) -> 13.0306 | Q10: =_xlfn.STDEV.P(M10:O10) -> 0.02783652 | R10: ='Pre invasion'!L10 -> 14.644267 | S10: ='Pre invasion'!M10 -> 14.696267 | T10: ='Pre invasion'!N10 -> 14.631867 | U10: =IFERROR(AVERAGE(R10:T10),"") -> 14.657467 | V10: =IFERROR(_xlfn.STDEV.P(R10:T10),"") -> 0.027898865
A11: 4 | B11: EC | C11: =_xlfn.XLOOKUP(B11,A$50:A$58, B$50:B$58) -> Y = -4.708*X + 16.81 | D11: 15.8268 | E11: 15.9498 | F11: 15.8194 | G11: 15.8693 | H11: 16.065 | I11: 15.8985 | J11: 15.8593 | K11: 15.8223 | L11: 15.8078 | M11: =AVERAGE(D11:F11) -> 15.865333 | N11: =AVERAGE(G11:I11) -> 15.944267 | O11: =AVERAGE(J11:L11) -> 15.8298 | P11: =AVERAGE(M11:O11) -> 15.8798 | Q11: =_xlfn.STDEV.P(M11:O11) -> 0.047837348 | R11: ='Pre invasion'!L11 -> 16.861567 | S11: ='Pre invasion'!M11 -> 16.886333 | T11: ='Pre invasion'!N11 -> 16.801067 | U11: =IFERROR(AVERAGE(R11:T11),"") -> 16.849656 | V11: =IFERROR(_xlfn.STDEV.P(R11:T11),"") -> 0.035814402
A12: 4 | B12: AM | C12: =_xlfn.XLOOKUP(B12,A$50:A$58, B$50:B$58) -> Y = -2.536*X + 23.01 | D12: 20.3862 | E12: 20.4726 | F12: 20.3542 | G12: 20.3748 | H12: 20.6603 | I12: 20.4181 | J12: 20.4318 | K12: 20.4807 | L12: 20.2537 | M12: =AVERAGE(D12:F12) -> 20.404333 | N12: =AVERAGE(G12:I12) -> 20.4844 | O12: =AVERAGE(J12:L12) -> 20.388733 | P12: =AVERAGE(M12:O12) -> 20.425822 | Q12: =_xlfn.STDEV.P(M12:O12) -> 0.041907494 | R12: ='Pre invasion'!L12 -> 21.011433 | S12: ='Pre invasion'!M12 -> 21.120367 | T12: ='Pre invasion'!N12 -> 20.992967 | U12: =IFERROR(AVERAGE(R12:T12),"") -> 21.041589 | V12: =IFERROR(_xlfn.STDEV.P(R12:T12),"") -> 0.056212147
A13: 4 | B13: LB | C13: =_xlfn.XLOOKUP(B13,A$50:A$58, B$50:B$58) -> Y = -4.402*X + 24.11 | D13: 21.4308 | E13: 21.5499 | F13: 21.4133 | G13: 21.5219 | H13: 21.7482 | I13: 21.509 | J13: 21.4208 | K13: 21.4778 | L13: 21.3062 | M13: =AVERAGE(D13:F13) -> 21.464667 | N13: =AVERAGE(G13:I13) -> 21.593033 | O13: =AVERAGE(J13:L13) -> 21.4016 | P13: =AVERAGE(M13:O13) -> 21.486433 | Q13: =_xlfn.STDEV.P(M13:O13) -> 0.079653504 | R13: ='Pre invasion'!L13 -> 21.9277 | S13: ='Pre invasion'!M13 -> 22.023333 | T13: ='Pre invasion'!N13 -> 21.902833 | U13: =IFERROR(AVERAGE(R13:T13),"") -> 21.951289 | V13: =IFERROR(_xlfn.STDEV.P(R13:T13),"") -> 0.051944774
... A37: 12 | B37: EC | C37: =_xlfn.XLOOKUP(B37,A$50:A$58, B$50:B$58) -> Y = -4.708*X + 16.81 | D37: 16.2557 | E37: 16.3428 | F37: 16.2377 | G37: 16.3106 | H37: 16.2667 | I37: 16.3091 | J37: 16.3105 | K37: 16.3342 | L37: 16.2105 | M37: =AVERAGE(D37:F37) -> 16.278733 | N37: =AVERAGE(G37:I37) -> 16.295467 | O37: =AVERAGE(J37:L37) -> 16.285067 | P37: =AVERAGE(M37:O37) -> 16.286422 | Q37: =_xlfn.STDEV.P(M37:O37) -> 0.0068982732 | R37: ='Pre invasion'!L37 -> 16.865 | S37: ='Pre invasion'!M37 -> 16.864467 | T37: ='Pre invasion'!N37 -> 16.8232 | U37: =IFERROR(AVERAGE(R37:T37),"") -> 16.850889 | V37: =IFERROR(_xlfn.STDEV.P(R37:T37),"") -> 0.019580212
A38: 13 | B38: BT | C38: =_xlfn.XLOOKUP(B38,A$50:A$58, B$50:B$58) -> Y = -4.826*X + 20.31 | D38: 15.3446 | E38: 15.4636 | F38: 15.3329 | G38: 15.4919 | H38: 15.5404 | I38: 15.3712 | M38: =AVERAGE(D38:F38) -> 15.380367 | N38: =AVERAGE(G38:I38) -> 15.467833 | P38: =AVERAGE(M38:O38) -> 15.4241 | Q38: =_xlfn.STDEV.P(M38:O38) -> 0.043733333 | R38: ='Pre invasion'!L38 -> 16.568933 | S38: ='Pre invasion'!M38 -> 16.706033 | T38: ='Pre invasion'!N38 | U38: =IFERROR(AVERAGE(R38:T38),"") -> 16.637483 | V38: =IFERROR(_xlfn.STDEV.P(R38:T38),"") -> 0.06855
A39: 13 | B39: BA | C39: =_xlfn.XLOOKUP(B39,A$50:A$58, B$50:B$58) -> Y = -2.665*X + 14.77 | D39: 12.3902 | E39: 12.4482 | F39: 12.3822 | G39: 12.4558 | H39: 12.5986 | I39: 12.4193 | M39: =AVERAGE(D39:F39) -> 12.406867 | N39: =AVERAGE(G39:I39) -> 12.491233 | P39: =AVERAGE(M39:O39) -> 12.44905 | Q39: =_xlfn.STDEV.P(M39:O39) -> 0.042183333 | R39: ='Pre invasion'!L39 -> 12.935067 | S39: ='Pre invasion'!M39 -> 12.9619 | T39: ='Pre invasion'!N39 | U39: =IFERROR(AVERAGE(R39:T39),"") -> 12.948483 | V39: =IFERROR(_xlfn.STDEV.P(R39:T39),"") -> 0.013416667
A40: 13 | B40: EC | C40: =_xlfn.XLOOKUP(B40,A$50:A$58, B$50:B$58) -> Y = -4.708*X + 16.81 | D40: 16.7221 | E40: 16.8296 | F40: 16.711 | G40: 16.7981 | H40: 16.8807 | I40: 16.7936 | M40: =AVERAGE(D40:F40) -> 16.754233 | N40: =AVERAGE(G40:I40) -> 16.824133 | P40: =AVERAGE(M40:O40) -> 16.789183 | Q40: =_xlfn.STDEV.P(M40:O40) -> 0.03495 | R40: ='Pre invasion'!L40 -> 16.840433 | S40: ='Pre invasion'!M40 -> 16.905433 | T40: ='Pre invasion'!N40 | U40: =IFERROR(AVERAGE(R40:T40),"") -> 16.872933 | V40: =IFERROR(_xlfn.STDEV.P(R40:T40),"") -> 0.0325
A41: 14 | B41: BT | C41: =_xlfn.XLOOKUP(B41,A$50:A$58, B$50:B$58) -> Y = -4.826*X + 20.31 | D41: 14.9503 | E41: 15.031 | F41: 14.9339 | G41: 15.0501 | H41: 15.1985 | I41: 14.9963 | M41: =AVERAGE(D41:F41) -> 14.971733 | N41: =AVERAGE(G41:I41) -> 15.081633 | P41: =AVERAGE(M41:O41) -> 15.026683 | Q41: =_xlfn.STDEV.P(M41:O41) -> 0.05495 | R41: ='Pre invasion'!L41 -> 15.921667 | S41: ='Pre invasion'!M41 -> 15.930767 | T41: ='Pre invasion'!N41 | U41: =IFERROR(AVERAGE(R41:T41),"") -> 15.926217 | V41: =IFERROR(_xlfn.STDEV.P(R41:T41),"") -> 0.00455
A42: 14 | B42: LJ | C42: =_xlfn.XLOOKUP(B42,A$50:A$58, B$50:B$58) -> Y = -3.937*X + 16.98 | D42: 13.9743 | E42: 14.082 | F42: 13.9657 | G42: 14.0422 | H42: 14.0234 | I42: 13.9714 | M42: =AVERAGE(D42:F42) -> 14.007333 | N42: =AVERAGE(G42:I42) -> 14.012333 | P42: =AVERAGE(M42:O42) -> 14.009833 | Q42: =_xlfn.STDEV.P(M42:O42) -> 0.0025 | R42: ='Pre invasion'!L42 -> 15.357667 | S42: ='Pre invasion'!M42 -> 15.384567 | T42: ='Pre invasion'!N42 | U42: =IFERROR(AVERAGE(R42:T42),"") -> 15.371117 | V42: =IFERROR(_xlfn.STDEV.P(R42:T42),"") -> 0.01345
A43: 14 | B43: EC | C43: =_xlfn.XLOOKUP(B43,A$50:A$58, B$50:B$58) -> Y = -4.708*X + 16.81 | D43: 16.5767 | E43: 16.6528 | F43: 16.5676 | G43: 16.6703 | H43: 16.5706 | I43: 16.6055 | M43: =AVERAGE(D43:F43) -> 16.599033 | N43: =AVERAGE(G43:I43) -> 16.615467 | P43: =AVERAGE(M43:O43) -> 16.60725 | Q43: =_xlfn.STDEV.P(M43:O43) -> 0.0082166667 | R43: ='Pre invasion'!L43 -> 16.840433 | S43: ='Pre invasion'!M43 -> 16.905433 | T43: ='Pre invasion'!N43 | U43: =IFERROR(AVERAGE(R43:T43),"") -> 16.872933 | V43: =IFERROR(_xlfn.STDEV.P(R43:T43),"") -> 0.0325
A44: 15 | B44: BA | C44: =_xlfn.XLOOKUP(B44,A$50:A$58, B$50:B$58) -> Y = -2.665*X + 14.77 | D44: 12.3949 | E44: 12.4326 | F44: 12.3777 | G44: 12.4664 | H44: 12.5935 | I44: 12.4265 | M44: =AVERAGE(D44:F44) -> 12.401733 | N44: =AVERAGE(G44:I44) -> 12.495467 | P44: =AVERAGE(M44:O44) -> 12.4486 | Q44: =_xlfn.STDEV.P(M44:O44) -> 0.046866667 | R44: ='Pre invasion'!L44 -> 12.4198 | S44: ='Pre invasion'!M44 -> 12.4946 | T44: ='Pre invasion'!N44 | U44: =IFERROR(AVERAGE(R44:T44),"") -> 12.4572 | V44: =IFERROR(_xlfn.STDEV.P(R44:T44),"") -> 0.0374
A45: 15 | B45: LJ | C45: =_xlfn.XLOOKUP(B45,A$50:A$58, B$50:B$58) -> Y = -3.937*X + 16.98 | D45: 13.5571 | E45: 13.5635 | F45: 13.5371 | G45: 13.6736 | H45: 13.7183 | I45: 13.5737 | M45: =AVERAGE(D45:F45) -> 13.552567 | N45: =AVERAGE(G45:I45) -> 13.6552 | P45: =AVERAGE(M45:O45) -> 13.603883 | Q45: =_xlfn.STDEV.P(M45:O45) -> 0.051316667 | R45: ='Pre invasion'!L45 -> 14.523833 | S45: ='Pre invasion'!M45 -> 14.6019 | T45: ='Pre invasion'!N45 | U45: =IFERROR(AVERAGE(R45:T45),"") -> 14.562867 | V45: =IFERROR(_xlfn.STDEV.P(R45:T45),"") -> 0.039033333
A46: 15 | B46: EC | C46: =_xlfn.XLOOKUP(B46,A$50:A$58, B$50:B$58) -> Y = -4.708*X + 16.81 | D46: 16.2814 | E46: 16.2058 | F46: 16.266 | G46: 16.6513 | H46: 16.8568 | I46: 16.6167 | M46: =AVERAGE(D46:F46) -> 16.251067 | N46: =AVERAGE(G46:I46) -> 16.708267 | P46: =AVERAGE(M46:O46) -> 16.479667 | Q46: =_xlfn.STDEV.P(M46:O46) -> 0.2286 | R46: ='Pre invasion'!L46 -> 16.840433 | S46: ='Pre invasion'!M46 -> 16.905433 | T46: ='Pre invasion'!N46 | U46: =IFERROR(AVERAGE(R46:T46),"") -> 16.872933 | V46: =IFERROR(_xlfn.STDEV.P(R46:T46),"") -> 0.0325
A50: AM | B50: Y = -2.536*X + 23.01
A51: EC | B51: Y = -4.708*X + 16.81
A52: FP | B52: Y = -2.274*X + 22.44
A53: LJ | B53: Y = -3.937*X + 16.98
A54: LB | B54: Y = -4.402*X + 24.11
A55: BOV | B55: Y = -2.401*X + 10.82
A56: BT | B56: Y = -4.826*X + 20.31
A57: BA | B57: Y = -2.665*X + 14.77
A58: BOB | B58: Y = -5.763*X + 35.92

Sheet Pre invasion
A1: Consortium | B1: Species | C1: Bio1_T1 | D1: Bio1_T2 | E1: Bio1_T3 | F1: Bio2_T1 | G1: Bio2_T2 | H1: Bio2_T3 | I1: Bio3_T1 | J1: Bio3_T2 | K1: Bio3_T3 | L1: Avg_Bio1 | M1: Avg_Bio2 | N1: Avg_Bio3
A2: 1 | B2: BOV | C2: 10.8249 | D2: 10.8629 | E2: 10.8156 | F2: 10.8997 | G2: 11.0072 | H2: 10.8259 | I2: 10.8469 | J2: 10.8311 | K2: 10.8075 | L2: =IFERROR(AVERAGE(C2:E2),"") -> 10.834467 | M2: =IFERROR(AVERAGE(F2:H2),"") -> 10.910933 | N2: =IFERROR(AVERAGE(I2:K2),"") -> 10.8285
A3: 1 | B3: LB | C3: 20.6057 | D3: 20.7058 | E3: 20.5789 | F3: 20.7309 | G3: 20.7931 | H3: 20.643 | I3: 20.6429 | J3: 20.6703 | K3: 20.5046 | L3: =IFERROR(AVERAGE(C3:E3),"") -> 20.630133 | M3: =IFERROR(AVERAGE(F3:H3),"") -> 20.722333 | N3: =IFERROR(AVERAGE(I3:K3),"") -> 20.605933
A4: 1 | B4: LJ | C4: 13.8428 | D4: 13.9326 | E4: 13.8251 | F4: 13.8976 | G4: 14.0107 | H4: 13.8668 | I4: 13.8455 | J4: 13.8993 | K4: 13.8214 | L4: =IFERROR(AVERAGE(C4:E4),"") -> 13.866833 | M4: =IFERROR(AVERAGE(F4:H4),"") -> 13.925033 | N4: =IFERROR(AVERAGE(I4:K4),"") -> 13.8554
A5: 2 | B5: BOV | C5: 10.8219 | D5: 10.8998 | E5: 10.8132 | F5: 10.9223 | G5: 10.9608 | H5: 10.8711 | I5: 10.8214 | J5: 10.8388 | K5: 10.8164 | L5: =IFERROR(AVERAGE(C5:E5),"") -> 10.844967 | M5: =IFERROR(AVERAGE(F5:H5),"") -> 10.918067 | N5: =IFERROR(AVERAGE(I5:K5),"") -> 10.825533
A6: 2 | B6: FP | C6: 20.0936 | D6: 20.2686 | E6: 20.0743 | F6: 20.2476 | G6: 20.4711 | H6: 20.1467 | I6: 20.1179 | J6: 20.1403 | K6: 20.0483 | L6: =IFERROR(AVERAGE(C6:E6),"") -> 20.1455 | M6: =IFERROR(AVERAGE(F6:H6),"") -> 20.288467 | N6: =IFERROR(AVERAGE(I6:K6),"") -> 20.102167
A7: 2 | B7: LJ | C7: 13.3613 | D7: 13.4156 | E7: 13.3593 | F7: 13.436 | G7: 13.3807 | H7: 13.3764 | I7: 13.4033 | J7: 13.3839 | K7: 13.3414 | L7: =IFERROR(AVERAGE(C7:E7),"") -> 13.378733 | M7: =IFERROR(AVERAGE(F7:H7),"") -> 13.3977 | N7: =IFERROR(AVERAGE(I7:K7),"") -> 13.3762
A8: 3 | B8: BOV | C8: 10.8288 | D8: 10.9219 | E8: 10.8104 | F8: 10.8204 | G8: 10.9697 | H8: 10.847 | I8: 10.8203 | J8: 10.8922 | K8: 10.7871 | L8: =IFERROR(AVERAGE(C8:E8),"") -> 10.8537 | M8: =IFERROR(AVERAGE(F8:H8),"") -> 10.879033 | N8: =IFERROR(AVERAGE(I8:K8),"") -> 10.8332
A9: 3 | B9: BA | C9: 11.0404 | D9: 11.0501 | E9: 11.038 | F9: 11.052 | G9: 11.0558 | H9: 11.0641 | I9: 11.0847 | J9: 11.0792 | K9: 10.9869 | L9: =IFERROR(AVERAGE(C9:E9),"") -> 11.042833 | M9: =IFERROR(AVERAGE(F9:H9),"") -> 11.0573 | N9: =IFERROR(AVERAGE(I9:K9),"") -> 11.050267
A10: 3 | B10: LJ | C10: 14.6261 | D10: 14.6983 | E10: 14.6084 | F10: 14.7196 | G10: 14.7376 | H10: 14.6316 | I10: 14.6421 | J10: 14.7093 | K10: 14.5442 | L10: =IFERROR(AVERAGE(C10:E10),"") -> 14.644267 | M10: =IFERROR(AVERAGE(F10:H10),"") -> 14.696267 | N10: =IFERROR(AVERAGE(I10:K10),"") -> 14.631867
A11: 4 | B11: EC | C11: 16.8204 | D11: 16.959 | E11: 16.8053 | F11: 16.83 | G11: 16.9434 | H11: 16.8856 | I11: 16.811 | J11: 16.8543 | K11: 16.7379 | L11: =IFERROR(AVERAGE(C11:E11),"") -> 16.861567 | M11: =IFERROR(AVERAGE(F11:H11),"") -> 16.886333 | N11: =IFERROR(AVERAGE(I11:K11),"") -> 16.801067
A12: 4 | B12: AM | C12: 20.9864 | D12: 21.0729 | E12: 20.975 | F12: 20.9845 | G12: 21.3873 | H12: 20.9893 | I12: 21.0349 | J12: 21.0538 | K12: 20.8902 | L12: =IFERROR(AVERAGE(C12:E12),"") -> 21.011433 | M12: =IFERROR(AVERAGE(F12:H12),"") -> 21.120367 | N12: =IFERROR(AVERAGE(I12:K12),"") -> 20.992967
A13: 4 | B13: LB | C13: 21.9236 | D13: 21.962 | E13: 21.8975 | F13: 22.0196 | G13: 22.1303 | H13: 21.9201 | I13: 21.9223 | J13: 21.9102 | K13: 21.876 | L13: =IFERROR(AVERAGE(C13:E13),"") -> 21.9277 | M13: =IFERROR(AVERAGE(F13:H13),"") -> 22.023333 | N13: =IFERROR(AVERAGE(I13:K13),"") -> 21.902833
... A37: 12 | B37: EC | C37: 16.8217 | D37: 16.9693 | E37: 16.804 | F37: 16.8976 | G37: 16.8255 | H37: 16.8703 | I37: 16.8735 | J37: 16.8845 | K37: 16.7116 | L37: =IFERROR(AVERAGE(C37:E37),"") -> 16.865 | M37: =IFERROR(AVERAGE(F37:H37),"") -> 16.864467 | N37: =IFERROR(AVERAGE(I37:K37),"") -> 16.8232
A38: 13 | B38: BT | C38: 16.5515 | D38: 16.6083 | E38: 16.547 | F38: 16.6814 | G38: 16.8598 | H38: 16.5769 | L38: =IFERROR(AVERAGE(C38:E38),"") -> 16.568933 | M38: =IFERROR(AVERAGE(F38:H38),"") -> 16.706033 | N38: =IFERROR(AVERAGE(I38:K38),"")
A39: 13 | B39: BA | C39: 12.9124 | D39: 12.9978 | E39: 12.895 | F39: 12.9005 | G39: 13.0363 | H39: 12.9489 | L39: =IFERROR(AVERAGE(C39:E39),"") -> 12.935067 | M39: =IFERROR(AVERAGE(F39:H39),"") -> 12.9619 | N39: =IFERROR(AVERAGE(I39:K39),"")
A40: 13 | B40: EC | C40: 16.818 | D40: 16.9052 | E40: 16.7981 | F40: 16.8862 | G40: 16.939 | H40: 16.8911 | L40: =IFERROR(AVERAGE(C40:E40),"") -> 16.840433 | M40: =IFERROR(AVERAGE(F40:H40),"") -> 16.905433 | N40: =IFERROR(AVERAGE(I40:K40),"")
A41: 14 | B41: BT | C41: 15.8757 | D41: 16.0214 | E41: 15.8679 | F41: 15.9952 | G41: 15.8983 | H41: 15.8988 | L41: =IFERROR(AVERAGE(C41:E41),"") -> 15.921667 | M41: =IFERROR(AVERAGE(F41:H41),"") -> 15.930767 | N41: =IFERROR(AVERAGE(I41:K41),"")
A42: 14 | B42: LJ | C42: 15.3419 | D42: 15.4125 | E42: 15.3186 | F42: 15.4467 | G42: 15.3398 | H42: 15.3672 | L42: =IFERROR(AVERAGE(C42:E42),"") -> 15.357667 | M42: =IFERROR(AVERAGE(F42:H42),"") -> 15.384567 | N42: =IFERROR(AVERAGE(I42:K42),"")
A43: 14 | B43: EC | C43: 16.818 | D43: 16.9052 | E43: 16.7981 | F43: 16.8862 | G43: 16.939 | H43: 16.8911 | L43: =IFERROR(AVERAGE(C43:E43),"") -> 16.840433 | M43: =IFERROR(AVERAGE(F43:H43),"") -> 16.905433 | N43: =IFERROR(AVERAGE(I43:K43),"")
A44: 15 | B44: BA | C44: 12.3939 | D44: 12.4813 | E44: 12.3842 | F44: 12.5129 | G44: 12.5193 | H44: 12.4516 | L44: =IFERROR(AVERAGE(C44:E44),"") -> 12.4198 | M44: =IFERROR(AVERAGE(F44:H44),"") -> 12.4946 | N44: =IFERROR(AVERAGE(I44:K44),"")
A45: 15 | B45: LJ | C45: 14.519 | D45: 14.5512 | E45: 14.5013 | F45: 14.5346 | G45: 14.754 | H45: 14.5171 | L45: =IFERROR(AVERAGE(C45:E45),"") -> 14.523833 | M45: =IFERROR(AVERAGE(F45:H45),"") -> 14.6019 | N45: =IFERROR(AVERAGE(I45:K45),"")
A46: 15 | B46: EC | C46: 16.818 | D46: 16.9052 | E46: 16.7981 | F46: 16.8862 | G46: 16.939 | H46: 16.8911 | L46: =IFERROR(AVERAGE(C46:E46),"") -> 16.840433 | M46: =IFERROR(AVERAGE(F46:H46),"") -> 16.905433 | N46: =IFERROR(AVERAGE(I46:K46),"")
